{"metadata":{"asset_id":"e512d6be-cf0c-48af-ad52-d9933f93065f","asset_attributes":["data_asset","location_definition"],"name":"Crop_recommendation.csv","asset_type":"data_asset","created_at":"2025-08-07T12:43:36Z","origin_country":"us","owner_id":"IBMid-6960010JKO","project_id":"a4f06a33-4b92-4538-9e62-3024326cf32f","size":150034,"usage":{"last_update_time":1754570617998,"last_updated_at":"2025-08-07T12:43:37Z"}},"entity":{"data_asset":{"dataset":false,"mime_type":"text/csv"},"location_definition":{"physical_location_code":"SYD","physical_location_code_assigned_by":"IBMid-6960010JKO","physical_location_code_rds_id":"c57cb90f-2126-3800-9c9f-9eab82021cdf","physical_location_code_rds_version":"00002025-0724-4160-8237-038705000000_1","physical_location_code_assignment_method":"INFERRED","physical_location_code_added_on":"1754570617997"}},"attachments":[{"id":"040e896d-6a0c-4497-84af-4abcd4060d7d","version":2,"asset_type":"data_asset","name":"Crop_recommendation.csv","mime":"text/csv","datasource_type":"193a97c1-4475-4a19-b90c-295c4fdc6517","object_key":"Crop_recommendation.csv","creator_id":"IBMid-6960010JKO","create_time":1754570617998,"size":150034,"is_remote":false,"is_managed":false,"is_referenced":true,"is_object_key_read_only":true,"is_user_provided_path_key":true,"transfer_complete":true,"is_partitioned":false,"complete_time_ticks":1754570617998,"user_data":{},"test_doc":0,"handle":{"bucket":"croprecommendation-donotdelete-pr-h8fxbfinz11gnj","location":"au-syd","type":"bluemix_cos","key":"Crop_recommendation.csv","upload_id":"done","max_part_num":1},"usage":{"access_count":0,"last_accessor_id":"IBMid-6960010JKO","last_access_time":1754570617998}}]}
