{"metadata":{"asset_id":"ffd31c0b-8994-4b90-997e-76da22d52c44","asset_attributes":["wml_model","location_definition","modelfacts_system"],"name":" P9 - Random Forest Classifier: Crop","asset_type":"wml_model","created_at":"2025-08-07T12:49:40Z","origin_country":"au","owner_id":"IBMid-6960010JKO","project_id":"a4f06a33-4b92-4538-9e62-3024326cf32f","resource_key":"e8193bcd-3f0c-4b59-92df-383e5463f8a9","sandbox_id":"a4f06a33-4b92-4538-9e62-3024326cf32f","size":297763,"usage":{"last_update_time":1754571033231,"last_updated_at":"2025-08-07T12:50:33Z"}},"entity":{"wml_model":{"content_import_state":"completed","content_location":{"contents":[{"content_format":"pipeline-node","file_name":"P9_automl.zip","location":"auto_ml/d544cb0e-d757-4eda-a0e2-bb08c5c88f4b/wml_data/f022d35c-ac6c-4781-9201-807865784380/assets/f022d35c-ac6c-4781-9201-807865784380_P9_batch_ensemble_output/resources/wml_model/P9_automl.zip","pipeline_node_id":"automl"},{"content_format":"native","file_name":"pipeline_model.json","location":"auto_ml/d544cb0e-d757-4eda-a0e2-bb08c5c88f4b/wml_data/f022d35c-ac6c-4781-9201-807865784380/assets/f022d35c-ac6c-4781-9201-807865784380_P9_batch_ensemble_output/resources/wml_model/pipeline_model.json"}],"location":{"assets_path":"auto_ml/d544cb0e-d757-4eda-a0e2-bb08c5c88f4b/wml_data/f022d35c-ac6c-4781-9201-807865784380/assets","notebooks_path":"auto_ml/d544cb0e-d757-4eda-a0e2-bb08c5c88f4b/wml_data/f022d35c-ac6c-4781-9201-807865784380/notebooks","path":"auto_ml/d544cb0e-d757-4eda-a0e2-bb08c5c88f4b/wml_data","training":"auto_ml/d544cb0e-d757-4eda-a0e2-bb08c5c88f4b/wml_data/f022d35c-ac6c-4781-9201-807865784380","training_log":"auto_ml/d544cb0e-d757-4eda-a0e2-bb08c5c88f4b/wml_data/f022d35c-ac6c-4781-9201-807865784380/data/automl/training.log","training_status":"auto_ml/d544cb0e-d757-4eda-a0e2-bb08c5c88f4b/wml_data/f022d35c-ac6c-4781-9201-807865784380/training-status.json"},"type":"container"},"data_preprocessing":[{"input":{"columns":8,"rows":2200},"output":{"columns":8,"rows":2200},"props":{"type":"stratified"},"stage":"sampling"},{"input":{"columns":8,"rows":2200},"output":{"columns":8,"rows":2200},"props":{"duplicated_rows_count":0},"stage":"cleansing"}],"hybrid_pipeline_software_specs":[{"name":"autoai-kb_rt24.1-py3.11"}],"label_column":"label","metrics":[{"context":{"classes":["apple","banana","blackgram","chickpea","coconut","coffee","cotton","grapes","jute","kidneybeans","lentil","maize","mango","mothbeans","mungbean","muskmelon","orange","papaya","pigeonpeas","pomegranate","rice","watermelon"],"features_importance":[{"computation_type":"","features":{"K":0.1591,"N":0.1123,"P":0.1402,"humidity":0.233,"ph":0.017,"rainfall":0.3022,"temperature":0.0363},"stage":"Mean"}],"incremental_training":{},"intermediate_model":{"composition_steps":["Split_TrainingHoldout","TrainingDataset_full_1980_7","Datetime_FE","TrainingDataset_full_1980_7","Preprocessor_default","DAUB","hpo_d","cognito","hpo_c","Ensemble"],"duration":65888,"location":{"model":"auto_ml/d544cb0e-d757-4eda-a0e2-bb08c5c88f4b/wml_data/f022d35c-ac6c-4781-9201-807865784380/data/automl/batch_ensemble_output/Pipeline5/model.pickle","pipeline":"auto_ml/d544cb0e-d757-4eda-a0e2-bb08c5c88f4b/wml_data/f022d35c-ac6c-4781-9201-807865784380/data/automl/batch_ensemble_output/Pipeline5/pipeline.json","pipeline_model":"auto_ml/d544cb0e-d757-4eda-a0e2-bb08c5c88f4b/wml_data/f022d35c-ac6c-4781-9201-807865784380/data/automl/batch_ensemble_output/Pipeline5/pipeline-model.json"},"name":"P9","notebook_location":"auto_ml/d544cb0e-d757-4eda-a0e2-bb08c5c88f4b/wml_data/f022d35c-ac6c-4781-9201-807865784380/data/automl/batch_ensemble_output/Pipeline5/incremental_learning_notebook.ipynb","pipeline_nodes":["PreprocessingTransformer","BatchedTreeEnsembleClassifier(base_estimator=RandomForestClassifier)"],"process":"batch_ensemble_output","schema_location":"auto_ml/d544cb0e-d757-4eda-a0e2-bb08c5c88f4b/wml_data/f022d35c-ac6c-4781-9201-807865784380/data/automl/batch_ensemble_output/Pipeline5/schema.json"},"multi_class_classification":{"one_vs_all_location":"auto_ml/d544cb0e-d757-4eda-a0e2-bb08c5c88f4b/wml_data/f022d35c-ac6c-4781-9201-807865784380/data/automl/batch_ensemble_output/Pipeline5/one_vs_all.json"},"phase":"batch_ensemble_output","prediction_type":"classification","target_column":"label"},"ml_metrics":{"holdout_accuracy":0.990909090909091,"holdout_f1_macro":0.9908863066757803,"holdout_f1_micro":0.990909090909091,"holdout_f1_weighted":0.9908863066757805,"holdout_neg_log_loss":-0.33492721061985253,"holdout_precision_macro":0.9917355371900828,"holdout_precision_micro":0.990909090909091,"holdout_precision_weighted":0.9917355371900827,"holdout_recall_macro":0.9909090909090907,"holdout_recall_micro":0.990909090909091,"holdout_recall_weighted":0.990909090909091,"training_accuracy":0.9939393939393938,"training_f1_macro":0.9939301142889251,"training_f1_micro":0.9939393939393938,"training_f1_weighted":0.9939301142889251,"training_neg_log_loss":-0.34372922457844995,"training_precision_macro":0.9943431751532925,"training_precision_micro":0.9939393939393938,"training_precision_weighted":0.9943431751532925,"training_recall_macro":0.993939393939394,"training_recall_micro":0.9939393939393938,"training_recall_weighted":0.9939393939393938},"timestamp":"2025-08-07T12:48:45Z"}],"pipeline":{"id":"65a1d637-d8c0-4996-86f7-b1ce049b1824"},"schemas":{"input":[{"fields":[{"name":"N","nullable":false,"type":"double"},{"name":"P","nullable":false,"type":"double"},{"name":"K","nullable":false,"type":"double"},{"name":"temperature","nullable":false,"type":"double"},{"name":"humidity","nullable":false,"type":"double"},{"name":"ph","nullable":false,"type":"double"},{"name":"rainfall","nullable":false,"type":"double"}],"id":"auto_ai_kb_input_schema"}],"output":[]},"software_spec":{"id":"8c1a58c6-62b5-4dc4-987a-df751c2756b6","name":"hybrid_0.1"},"training_data_references":[{"connection":{},"id":"Crop_recommendation.csv","location":{"href":"/v2/assets/e512d6be-cf0c-48af-ad52-d9933f93065f?project_id=a4f06a33-4b92-4538-9e62-3024326cf32f","id":"e512d6be-cf0c-48af-ad52-d9933f93065f","project_id":"a4f06a33-4b92-4538-9e62-3024326cf32f","userfs":"false"},"schema":{"fields":[{"name":"N","nullable":false,"type":"double"},{"name":"P","nullable":false,"type":"double"},{"name":"K","nullable":false,"type":"double"},{"name":"temperature","nullable":false,"type":"double"},{"name":"humidity","nullable":false,"type":"double"},{"name":"ph","nullable":false,"type":"double"},{"name":"rainfall","nullable":false,"type":"double"},{"name":"label","nullable":false,"type":"other"}],"id":"auto_ai_kb_input_schema"},"type":"data_asset"}],"training_id":"f022d35c-ac6c-4781-9201-807865784380","type":"wml-hybrid_0.1","ml_version":"4.0.19"},"modelfacts_system":{"model_information":{"input_type":"","algorithm":"BatchedTreeEnsembleClassifier(base_estimator=RandomForestClassifier)","prediction_type":"classification","software_spec":"hybrid_0.1","software_spec_id":""},"training_information":{"features":7,"training_data_references":[{"training_data":"Training data name not found","training_data_href":"/v2/assets/e512d6be-cf0c-48af-ad52-d9933f93065f?project_id=a4f06a33-4b92-4538-9e62-3024326cf32f","source_type":"Source type not found","source":"","source_href":"","source_path":"","training_data_exists":false,"source_exists":true,"type":"data_asset"}],"hyper_parameters":""},"project_details":{"environment_type":"development","is_environmenttype_openscale_value":false,"is_imported_model":false},"model_identity_information":{"model_identity_key":"e8193bcd-3f0c-4b59-92df-383e5463f8a9"}}},"attachments":[{"id":"73a2082f-569f-410f-a269-a07810dd79e5","version":2,"asset_type":"wml_model","name":"P9_automl.zip","datasource_type":"193a97c1-4475-4a19-b90c-295c4fdc6517","creator_id":"IBMid-6960010JKO","create_time":1754570980170,"size":295524,"is_remote":false,"is_managed":true,"is_referenced":false,"is_object_key_read_only":false,"is_user_provided_path_key":false,"transfer_complete":true,"is_partitioned":false,"complete_time_ticks":1754570980853,"user_data":{"content_format":"pipeline-node","pipeline_node_id":"automl"},"test_doc":0,"handle":{"bucket":"croprecommendation-donotdelete-pr-h8fxbfinz11gnj","location":"au-syd","type":"bluemix_cos","key":"d3c3c125-ca3f-40ef-85a0-b2e5dbb8bf67/ffd31c0b-8994-4b90-997e-76da22d52c44/73a2082f-569f-410f-a269-a07810dd79e5","upload_id":"done","max_part_num":1},"usage":{"access_count":1,"last_accessor_id":"IBMid-6960010JKO","last_access_time":1754570980853,"last_updater_id":"IBMid-6960010JKO","last_update_time":1754570980853}},{"id":"842c8e9a-8fda-44d9-a7a7-c4a5ea9a5378","version":2,"asset_type":"wml_model","name":"pipeline_model.json","datasource_type":"193a97c1-4475-4a19-b90c-295c4fdc6517","creator_id":"IBMid-6960010JKO","create_time":1754570980245,"size":2239,"is_remote":false,"is_managed":true,"is_referenced":false,"is_object_key_read_only":false,"is_user_provided_path_key":false,"transfer_complete":true,"is_partitioned":false,"complete_time_ticks":1754571031076,"user_data":{"content_format":"native"},"test_doc":0,"handle":{"bucket":"croprecommendation-donotdelete-pr-h8fxbfinz11gnj","location":"au-syd","type":"bluemix_cos","key":"d3c3c125-ca3f-40ef-85a0-b2e5dbb8bf67/ffd31c0b-8994-4b90-997e-76da22d52c44/842c8e9a-8fda-44d9-a7a7-c4a5ea9a5378","upload_id":"done","max_part_num":1},"usage":{"access_count":1,"last_accessor_id":"IBMid-6960010JKO","last_access_time":1754571031076,"last_updater_id":"IBMid-6960010JKO","last_update_time":1754571031076}}]}
